{
  "info": {
    "name": "Drools Expressiveness Evaluator",
    "description": "API collection for testing Drools rule engine with generic Map data",
    "schema": "https://schema.getpostman.com/json/collection/v2.1.0/collection.json"
  },
  "item": [
    {
      "name": "Health Check",
      "request": {
        "method": "GET",
        "header": [],
        "url": {
          "raw": "http://localhost:8080/drools-evaluator/api/rules/health",
          "protocol": "http",
          "host": ["localhost"],
          "port": "8080",
          "path": ["drools-evaluator", "api", "rules", "health"]
        }
      }
    },
    {
      "name": "Execute AMB Defaulter Rule",
      "request": {
        "method": "POST",
        "header": [
          {
            "key": "Content-Type",
            "value": "application/json"
          }
        ],
        "body": {
          "mode": "raw",
          "raw": "{\n  \"drlContent\": \"package com.ruleengine.rules;\\nimport java.util.Map;\\n\\nrule \\\"Check AMB Shortfall\\\"\\n    when\\n        $data : Map(\\n            this[\\\"accountType\\\"] == \\\"SAVINGS\\\",\\n            $balance : this[\\\"currentBalance\\\"],\\n            $ambRequired : this[\\\"ambRequired\\\"],\\n            $balance < $ambRequired\\n        )\\n    then\\n        $data.put(\\\"isDefaulter\\\", true);\\n        $data.put(\\\"shortfall\\\", (Double)$ambRequired - (Double)$balance);\\n        $data.put(\\\"penalty\\\", ((Double)$ambRequired - (Double)$balance) * 0.05);\\n        $data.put(\\\"status\\\", \\\"AMB_DEFAULTER\\\");\\nend\",\n  \"inputData\": {\n    \"accountType\": \"SAVINGS\",\n    \"currentBalance\": 3000.0,\n    \"ambRequired\": 10000.0\n  },\n  \"ruleName\": \"AMB_Defaulter_Test\"\n}"
        },
        "url": {
          "raw": "http://localhost:8080/drools-evaluator/api/rules/execute",
          "protocol": "http",
          "host": ["localhost"],
          "port": "8080",
          "path": ["drools-evaluator", "api", "rules", "execute"]
        }
      }
    },
    {
      "name": "Execute Loan Eligibility Rule",
      "request": {
        "method": "POST",
        "header": [
          {
            "key": "Content-Type",
            "value": "application/json"
          }
        ],
        "body": {
          "mode": "raw",
          "raw": "{\n  \"drlContent\": \"package com.ruleengine.rules;\\nimport java.util.Map;\\n\\nrule \\\"Check Credit Score\\\"\\n    when\\n        $data : Map(\\n            this[\\\"creditScore\\\"] != null,\\n            $score : this[\\\"creditScore\\\"],\\n            $score < 650\\n        )\\n    then\\n        $data.put(\\\"eligible\\\", false);\\n        $data.put(\\\"reason\\\", \\\"Low credit score\\\");\\nend\\n\\nrule \\\"Approve Loan\\\"\\n    when\\n        $data : Map(\\n            this[\\\"creditScore\\\"] != null,\\n            $score : this[\\\"creditScore\\\"],\\n            $score >= 650,\\n            this[\\\"eligible\\\"] == null\\n        )\\n    then\\n        $data.put(\\\"eligible\\\", true);\\n        $data.put(\\\"loanStatus\\\", \\\"APPROVED\\\");\\nend\",\n  \"inputData\": {\n    \"creditScore\": 720,\n    \"age\": 30,\n    \"monthlyIncome\": 80000.0\n  },\n  \"ruleName\": \"Loan_Eligibility_Test\"\n}"
        },
        "url": {
          "raw": "http://localhost:8080/drools-evaluator/api/rules/execute",
          "protocol": "http",
          "host": ["localhost"],
          "port": "8080",
          "path": ["drools-evaluator", "api", "rules", "execute"]
        }
      }
    },
    {
      "name": "Validate DRL",
      "request": {
        "method": "POST",
        "header": [
          {
            "key": "Content-Type",
            "value": "text/plain"
          }
        ],
        "body": {
          "mode": "raw",
          "raw": "package com.ruleengine.rules;\nimport java.util.Map;\n\nrule \"Test Rule\"\n    when\n        $data : Map(this[\"test\"] == true)\n    then\n        $data.put(\"result\", \"passed\");\nend"
        },
        "url": {
          "raw": "http://localhost:8080/drools-evaluator/api/rules/validate",
          "protocol": "http",
          "host": ["localhost"],
          "port": "8080",
          "path": ["drools-evaluator", "api", "rules", "validate"]
        }
      }
    }
  ]
}