{
  "contentType": "application/vnd.gorules.decision",
  "nodes": [
    {
      "id": "input",
      "name": "Loan Application Input",
      "type": "inputNode",
      "content": {
        "fields": [
          { "field": "age", "name": "Age" },
          { "field": "income", "name": "Monthly Income" },
          { "field": "creditScore", "name": "Credit Score" },
          { "field": "employmentType", "name": "Employment Type" },
          { "field": "existingLoans", "name": "Existing Loans" },
          { "field": "loanAmount", "name": "Requested Loan Amount" }
        ]
      }
    },
    {
      "id": "eligibility",
      "name": "Loan Eligibility Check",
      "type": "decisionTableNode",
      "content": {
        "hitPolicy": "first",
        "inputs": [
          { "id": "i1", "field": "age", "name": "Age" },
          { "id": "i2", "field": "income", "name": "Income" },
          { "id": "i3", "field": "creditScore", "name": "Credit Score" },
          { "id": "i4", "field": "employmentType", "name": "Employment" },
          { "id": "i5", "field": "existingLoans", "name": "Existing Loans" }
        ],
        "outputs": [
          { "id": "o1", "field": "eligible", "name": "Eligible" },
          { "id": "o2", "field": "maxLoanAmount", "name": "Max Loan Amount" },
          { "id": "o3", "field": "interestRate", "name": "Interest Rate" },
          { "id": "o4", "field": "reason", "name": "Reason" }
        ],
        "rules": [
          {
            "_id": "r1",
            "i1": "< 21",
            "i2": "",
            "i3": "",
            "i4": "",
            "i5": "",
            "o1": "false",
            "o2": "0",
            "o3": "0",
            "o4": "\"Age must be at least 21 years\""
          },
          {
            "_id": "r2",
            "i1": "> 65",
            "i2": "",
            "i3": "",
            "i4": "",
            "i5": "",
            "o1": "false",
            "o2": "0",
            "o3": "0",
            "o4": "\"Age must be less than 65 years\""
          },
          {
            "_id": "r3",
            "i1": "",
            "i2": "< 25000",
            "i3": "",
            "i4": "",
            "i5": "",
            "o1": "false",
            "o2": "0",
            "o3": "0",
            "o4": "\"Minimum income requirement not met\""
          },
          {
            "_id": "r4",
            "i1": "",
            "i2": "",
            "i3": "< 650",
            "i4": "",
            "i5": "",
            "o1": "false",
            "o2": "0",
            "o3": "0",
            "o4": "\"Credit score too low\""
          },
          {
            "_id": "r5",
            "i1": "",
            "i2": "",
            "i3": "",
            "i4": "== \"unemployed\"",
            "i5": "",
            "o1": "false",
            "o2": "0",
            "o3": "0",
            "o4": "\"Must be employed\""
          },
          {
            "_id": "r6",
            "i1": "",
            "i2": "",
            "i3": "",
            "i4": "",
            "i5": "> 3",
            "o1": "false",
            "o2": "0",
            "o3": "0",
            "o4": "\"Too many existing loans\""
          },
          {
            "_id": "r7",
            "i1": ">= 21 && <= 65",
            "i2": ">= 100000",
            "i3": ">= 750",
            "i4": "== \"salaried\"",
            "i5": "<= 1",
            "o1": "true",
            "o2": "income * 60",
            "o3": "8.5",
            "o4": "\"Premium customer - Best rates\""
          },
          {
            "_id": "r8",
            "i1": ">= 21 && <= 65",
            "i2": ">= 50000",
            "i3": ">= 700",
            "i4": "== \"salaried\"",
            "i5": "<= 2",
            "o1": "true",
            "o2": "income * 48",
            "o3": "10.5",
            "o4": "\"Good customer - Standard rates\""
          },
          {
            "_id": "r9",
            "i1": ">= 21 && <= 65",
            "i2": ">= 50000",
            "i3": ">= 700",
            "i4": "== \"self-employed\"",
            "i5": "<= 2",
            "o1": "true",
            "o2": "income * 36",
            "o3": "12.0",
            "o4": "\"Self-employed - Higher rates\""
          },
          {
            "_id": "r10",
            "i1": ">= 21 && <= 65",
            "i2": ">= 25000",
            "i3": ">= 650",
            "i4": "== \"salaried\"",
            "i5": "<= 3",
            "o1": "true",
            "o2": "income * 36",
            "o3": "13.5",
            "o4": "\"Standard customer - Higher rates\""
          }
        ]
      }
    },
    {
      "id": "finalDecision",
      "name": "Final Loan Decision",
      "type": "decisionTableNode",
      "content": {
        "hitPolicy": "first",
        "inputs": [
          { "id": "i1", "field": "eligible", "name": "Eligible" },
          { "id": "i2", "field": "loanAmount", "name": "Requested Amount" },
          { "id": "i3", "field": "maxLoanAmount", "name": "Max Allowed" }
        ],
        "outputs": [
          { "id": "o1", "field": "approved", "name": "Approved" },
          { "id": "o2", "field": "approvedAmount", "name": "Approved Amount" },
          { "id": "o3", "field": "finalRate", "name": "Final Rate" },
          { "id": "o4", "field": "message", "name": "Message" }
        ],
        "rules": [
          {
            "_id": "r1",
            "i1": "== false",
            "i2": "",
            "i3": "",
            "o1": "false",
            "o2": "0",
            "o3": "0",
            "o4": "reason"
          },
          {
            "_id": "r2",
            "i1": "== true",
            "i2": "> maxLoanAmount",
            "i3": "",
            "o1": "false",
            "o2": "0",
            "o3": "0",
            "o4": "\"Requested amount exceeds maximum eligible: ₹\" + maxLoanAmount"
          },
          {
            "_id": "r3",
            "i1": "== true",
            "i2": "<= maxLoanAmount",
            "i3": "",
            "o1": "true",
            "o2": "loanAmount",
            "o3": "interestRate",
            "o4": "\"Loan approved at \" + interestRate + \"% interest\""
          }
        ]
      }
    },
    {
      "id": "output",
      "name": "Loan Decision Output",
      "type": "outputNode",
      "content": {
        "fields": [
          { "field": "approved", "name": "Approved" },
          { "field": "approvedAmount", "name": "Approved Amount" },
          { "field": "finalRate", "name": "Interest Rate" },
          { "field": "message", "name": "Message" }
        ]
      }
    }
  ],
  "edges": [
    { "id": "e1", "sourceId": "input", "targetId": "eligibility" },
    { "id": "e2", "sourceId": "eligibility", "targetId": "finalDecision" },
    { "id": "e3", "sourceId": "finalDecision", "targetId": "output" }
  ]
}