{
  "contentType": "application/vnd.gorules.decision",
  "nodes": [
    {
      "id": "1",
      "name": "Input",
      "type": "inputNode",
      "position": { "x": 100, "y": 100 },
      "content": {
        "fields": [
          { "field": "income", "name": "Income", "defaultValue": 0 },
          { "field": "tier", "name": "Tier", "defaultValue": "" }
        ]
      }
    },
    {
      "id": "2",
      "name": "Discount Rules",
      "type": "decisionTableNode",
      "position": { "x": 400, "y": 100 },
      "content": {
        "hitPolicy": "first",
        "inputs": [
          {
            "id": "input1",
            "name": "Income",
            "type": "expression",
            "field": "income"
          },
          {
            "id": "input2",
            "name": "Tier",
            "type": "expression",
            "field": "tier"
          }
        ],
        "outputs": [
          {
            "id": "output1",
            "name": "Discount",
            "type": "expression",
            "field": "discount"
          }
        ],
        "rules": [
          {
            "input1": ">= 5000",
            "input2": "== \"gold\"",
            "output1": "15"
          },
          {
            "input1": ">= 3000",
            "input2": "== \"silver\"",
            "output1": "10"
          },
          {
            "input1": ">= 1000",
            "input2": "== \"bronze\"",
            "output1": "5"
          },
          {
            "input1": "",
            "input2": "",
            "output1": "0"
          }
        ]
      }
    },
    {
      "id": "3",
      "name": "Output",
      "type": "outputNode",
      "position": { "x": 700, "y": 100 },
      "content": {
        "fields": [
          { "field": "discount", "name": "Discount" }
        ]
      }
    }
  ],
  "edges": [
    {
      "id": "e1-2",
      "sourceId": "1",
      "targetId": "2"
    },
    {
      "id": "e2-3",
      "sourceId": "2",
      "targetId": "3"
    }
  ]
}