{
  "contentType": "application/vnd.gorules.decision",
  "nodes": [
    {
      "id": "input",
      "name": "Input",
      "type": "inputNode",
      "content": {
        "fields": [
          {
            "field": "income",
            "name": "Income"
          },
          {
            "field": "tier",
            "name": "Tier"
          }
        ]
      }
    },
    {
      "id": "decision",
      "name": "Discount Decision",
      "type": "decisionTableNode",
      "content": {
        "hitPolicy": "first",
        "inputs": [
          {
            "id": "i1",
            "field": "income",
            "name": "Income"
          },
          {
            "id": "i2",
            "field": "tier",
            "name": "Tier"
          }
        ],
        "outputs": [
          {
            "id": "o1",
            "field": "discount",
            "name": "Discount"
          }
        ],
        "rules": [
          {
            "_id": "r1",
            "i1": ">= 5000",
            "i2": "== \"gold\"",
            "o1": "15"
          },
          {
            "_id": "r2",
            "i1": ">= 3000",
            "i2": "== \"silver\"",
            "o1": "10"
          },
          {
            "_id": "r3",
            "i1": ">= 1000",
            "i2": "== \"bronze\"",
            "o1": "5"
          },
          {
            "_id": "r4",
            "i1": "",
            "i2": "",
            "o1": "0"
          }
        ]
      }
    },
    {
      "id": "output",
      "name": "Output",
      "type": "outputNode",
      "content": {
        "fields": [
          {
            "field": "discount",
            "name": "Discount"
          }
        ]
      }
    }
  ],
  "edges": [
    {
      "id": "e1",
      "sourceId": "input",
      "targetId": "decision"
    },
    {
      "id": "e2",
      "sourceId": "decision",
      "targetId": "output"
    }
  ]
}